file,year_month,geo_col,filter_method,rows_raw,rows_route_removed,rows_unclassified,items_unclassified,rows_combination,rows_retained,items_retained,n_org
pca_202101.csv,202101,STP_CODE,BNF 1304,574680,0,8,21,2361,7792,906974,42
pca_202102.csv,202102,STP_CODE,BNF 1304,566594,0,10,32,2341,7784,886846,42
pca_202103.csv,202103,STP_CODE,BNF 1304,583023,0,11,29,2372,7858,1018234,42
pca_202104.csv,202104,STP_CODE,BNF 1304,577197,0,10,26,2376,7859,995325,42
pca_202105.csv,202105,STP_CODE,BNF 1304,574675,0,10,30,2302,7627,867910,42
pca_202106.csv,202106,STP_CODE,BNF 1304,581026,0,11,38,2355,7729,939385,42
pca_202107.csv,202107,STP_CODE,BNF 1304,583532,0,11,43,2357,7696,900723,42
pca_202108.csv,202108,STP_CODE,BNF 1304,575198,0,10,30,2332,7667,821004,42
pca_202109.csv,202109,STP_CODE,BNF 1304,581452,0,11,38,2300,7603,887292,42
pca_202110.csv,202110,STP_CODE,BNF 1304,573549,0,12,31,2314,7575,837444,42
pca_202111.csv,202111,STP_CODE,BNF 1304,577650,0,10,37,2340,7621,902219,42
pca_202112.csv,202112,STP_CODE,BNF 1304,576188,0,15,43,2351,7637,877031,42
pca_202201.csv,202201,STP_CODE,BNF 1304,574820,0,14,40,2360,7664,924022,42
pca_202202.csv,202202,STP_CODE,BNF 1304,567845,0,8,33,2382,7665,886838,42
pca_202203.csv,202203,STP_CODE,BNF 1304,585150,0,13,43,2391,7790,1021803,42
pca_202204.csv,202204,STP_CODE,BNF 1304,569501,0,10,32,2359,7712,897371,42
pca_202205.csv,202205,ICB_CODE,BNF 1304,584258,0,9,36,2376,7695,945613,42
pca_202206.csv,202206,ICB_CODE,BNF 1304,577784,0,12,43,2342,7651,917629,42
pca_202207.csv,202207,ICB_CODE,BNF 1304,579031,0,8,28,2353,7613,900447,42
pca_202208.csv,202208,ICB_CODE,BNF 1304,577536,0,10,41,2320,7544,878119,42
pca_202209.csv,202209,ICB_CODE,BNF 1304,575871,0,8,32,2369,7567,829609,42
pca_202210.csv,202210,ICB_CODE,BNF 1304,577617,0,11,29,2337,7519,846261,42
pca_202211.csv,202211,ICB_CODE,BNF 1304,579571,0,10,39,2349,7476,910284,42
pca_202212.csv,202212,ICB_CODE,BNF 1304,571146,0,12,36,2311,7406,862641,42
pca_202301.csv,202301,ICB_CODE,BNF 1304,578411,0,12,40,2351,7411,940467,42
pca_202302.csv,202302,ICB_CODE,BNF 1304,566172,0,11,37,2337,7327,883174,42
pca_202303.csv,202303,ICB_CODE,BNF 1304,581587,0,10,35,2351,7504,999800,42
pca_202304.csv,202304,ICB_CODE,BNF 1304,559076,0,9,32,2284,7300,857495,42
pca_202305.csv,202305,ICB_CODE,BNF 1304,571957,0,7,32,2326,7425,955826,42
pca_202306.csv,202306,ICB_CODE,BNF 1304,579992,0,14,41,2302,7509,1008776,42
pca_202307.csv,202307,ICB_CODE,BNF 1304,574130,0,11,32,2285,7450,919719,42
pca_202308.csv,202308,ICB_CODE,BNF 1304,572692,0,12,39,2258,7400,924981,42
pca_202309.csv,202309,ICB_CODE,BNF 1304,572270,0,13,33,2243,7299,915588,42
pca_202310.csv,202310,ICB_CODE,BNF 1304,576583,0,12,41,2260,7354,908909,42
pca_202311.csv,202311,ICB_CODE,BNF 1304,577957,0,12,38,2259,7380,934680,42
pca_202312.csv,202312,ICB_CODE,BNF 1304,570460,0,7,32,2226,7210,870802,42
pca_202401.csv,202401,ICB_CODE,BNF 1304,577810,0,11,45,2261,7373,1016208,42
pca_202402.csv,202402,ICB_CODE,BNF 1304,572594,0,12,41,2208,7274,936683,42
pca_202403.csv,202403,ICB_CODE,BNF 1304,572183,0,10,42,2234,7242,961782,42
pca_202404.csv,202404,ICB_CODE,BNF 1304,581593,0,12,43,2221,7362,1009851,42
pca_202405.csv,202405,ICB_CODE,BNF 1304,578113,0,11,33,2249,7481,996462,42
pca_202406.csv,202406,ICB_CODE,BNF 1304,572751,0,10,36,2229,7472,932490,42
pca_202407.csv,202407,ICB_CODE,BNF 1304,584980,0,13,55,2264,7564,970733,42
pca_202408.csv,202408,ICB_CODE,BNF 1304,578448,0,14,40,2280,7535,917779,42
pca_202409.csv,202409,ICB_CODE,BNF 1304,575290,0,15,43,2269,7483,869903,42
pca_202410.csv,202410,ICB_CODE,BNF 1304,583507,0,11,44,2217,7418,937605,42
pca_202411.csv,202411,ICB_CODE,BNF 1304,576152,0,13,49,2145,7318,922916,42
pca_202412.csv,202412,ICB_CODE,BNF 1304,576151,0,10,33,2181,7350,877052,42
pca_202501.csv,202501,ICB_CODE,BNF 1304,581740,0,9,42,2165,7238,1002386,42
pca_202502.csv,202502,ICB_CODE,BNF 1304,568122,0,10,44,2131,7159,891835,42
pca_202503.csv,202503,ICB_CODE,BNF 1304,575537,0,8,29,2167,7266,964599,42
pca_202504.csv,202504,ICB_CODE,BNF 1304,570922,0,11,41,2191,7158,919981,42
pca_202505.csv,202505,ICB_CODE,BNF 1304,579160,0,9,42,2160,7124,952604,42
pca_202506.csv,202506,ICB_CODE,BNF 1304,579390,0,13,41,2195,7094,934334,42
pca_202507.csv,202507,ICB_CODE,BNF 1304,584549,0,12,54,2196,7065,974657,42
pca_202508.csv,202508,ICB_CODE,BNF 1304,569721,0,11,48,2162,6963,856498,42
pca_202509.csv,202509,ICB_CODE,BNF 1304,578694,0,13,46,2199,6976,890560,42
pca_202510.csv,202510,ICB_CODE,BNF 1304,581500,0,12,49,2194,6943,922223,42
pca_202511.csv,202511,ICB_CODE,BNF 1304,571459,0,10,47,2167,6910,867948,42
pca_202512.csv,202512,ICB_CODE,BNF 1304,579041,0,13,44,2214,6963,893967,42
