ORG_CODE,IMD_SCORE
QE1,25.998271527420062
QF7,28.747637558882424
QGH,18.285609375081545
QH8,17.258081781374432
QHG,18.2023396106991
QHL,34.76911812817852
QHM,27.370400700576408
QJ2,20.334683603188083
QJG,19.015684197699255
QJK,20.169912426752912
QJM,20.29046873086952
QK1,18.240001063538102
QKK,22.21620591529243
QKS,20.210316224305124
QM7,13.311806572732266
QMF,25.836508691544637
QMJ,22.984130682965276
QMM,21.727923019205434
QNC,20.63816110825093
QNQ,12.324791581433344
QNX,17.282889154965808
QOC,19.936624796169227
QOP,30.015727922994607
QOQ,20.909930537212865
QOX,14.2997731862178
QPM,18.604750410937243
QR1,14.932188948823288
QRL,17.2791652151318
QRV,21.02623704714081
QSL,18.55301655363737
QT1,23.51054178184119
QT6,23.024917945126653
QU9,11.234651982796255
QUA,30.564210845511642
QUE,16.88822534989723
QUY,19.69287137443389
QVV,16.986336948387013
QWE,15.936804972576704
QWO,28.18165298227763
QWU,19.45703873735049
QXU,10.288583776280992
QYG,28.115912953306786
