OBJECTID,ICB22CD,ICB22NM,BNG_E,BNG_N,LONG,LAT,Shape__Area,Shape__Length,GlobalID,ICB_ONS_CODE,ORG_CODE,TOTAL_ITEMS,LIST_SIZE,IMD_SCORE,STRONG_RATIO,1_Mild_RATIO,2_Moderate_RATIO,3_Potent_RATIO,4_Very_Potent_RATIO,RATE_PER_1000,LISA
1,E54000008,NHS Cheshire and Merseyside Integrated Care Board,374405,380936,-2.38572,53.32473,3196448980.524658,478112.9967067739,46139e8b-38d7-4b7e-b07a-5f4e88cb330b,E54000008,QYG,2773194,2442689.0,28.115912953306786,0.4159992561160781,0.39296984957197467,0.19103089431194722,0.3351016000117875,0.08089765610429055,1135.3037574574578,Not significant
2,E54000010,NHS Staffordshire and Stoke-on-Trent Integrated Care Board,398243,334651,-2.02756,52.9093,2716766581.5909576,437360.1466213833,e3f06226-298e-4005-8df0-3eea651fa703,E54000010,QNC,1128803,1109099.0,20.63816110825093,0.42739247337656716,0.3873768293508225,0.1852306972726103,0.352831360508081,0.07456111286848618,1017.7657720365811,High-High
3,E54000011,"NHS Shropshire, Telford and Wrekin Integrated Care Board",350226,302960,-2.73668,52.62212,3487616586.6553726,497026.93557743676,22fd4362-79a4-4e78-8ffa-cd722170cbf9,E54000011,QOC,417713,483244.0,19.936624796169227,0.4931203941574544,0.3559727761051512,0.1509068297373944,0.41193963960324154,0.08118075455421284,864.3935568780988,Not significant
4,E54000013,NHS Lincolnshire Integrated Care Board,517984,358538,-0.23884,53.11101,6106595229.459717,585298.8847217314,07666e29-2e81-4d44-9842-0bf23bb9f0fc,E54000013,QJM,751580,736717.0,20.29046873086952,0.44049361865299025,0.41923703373864635,0.1402693476083634,0.3473136515995787,0.09317996705341153,1020.1746396513181,Not significant
5,E54000015,"NHS Leicester, Leicestershire and Rutland Integrated Care Board",466552,310188,-1.0169,52.68532,2550866048.0047226,342565.51867131086,245f3da5-b3d1-431b-8606-1177dba0aa7b,E54000015,QK1,1191896,1054029.0,18.240001063538102,0.4811714329337694,0.34519852816723734,0.1736300388989932,0.35711437254597894,0.12405706038779045,1130.8000064514354,Not significant
6,E54000018,NHS Coventry and Warwickshire Integrated Care Board,429584,266724,-1.5676,52.29786,2076176915.4762115,366812.1309149473,2958f86e-45ad-4ed8-a5a1-b55b31f4424a,E54000018,QWU,948734,899442.0,19.45703873735049,0.3994676688475568,0.3975466936574747,0.20298563749496845,0.3228563161203282,0.07661135272722856,1054.802866666222,Not significant
7,E54000019,NHS Herefordshire and Worcestershire Integrated Care Board,364519,249269,-2.51986,52.14057,3920249252.6876297,538033.5858528499,3fd1d598-69b6-44a9-90e2-ced65017be31,E54000019,QGH,733215,766436.0,18.285609375081545,0.44436804353779014,0.37130872630796485,0.184323230154245,0.35941425112272435,0.0849537924150658,956.6552197443752,Not significant
8,E54000022,NHS Norfolk and Waveney Integrated Care Board,600616,310723,0.964749,52.65712,5873384006.132309,449392.0307370217,7c4add2d-9ce1-4ebd-95db-a39a81337d9e,E54000022,QMM,969161,999561.0,21.727923019205434,0.4312579133399682,0.3680108565250714,0.20073123013496047,0.33667666667002005,0.09458124666994812,969.5866485387085,Not significant
9,E54000023,NHS Suffolk and North East Essex Integrated Care Board,596764,250276,0.872415,52.11579,4191369678.823807,485211.5291520427,b9a0e7e4-3444-4384-8466-bf5f743eeb82,E54000023,QJG,902185,956038.0,19.015684197699255,0.43652738483416226,0.39162271449824804,0.17184990066758973,0.35221600139524273,0.08431138343891947,943.6706490746184,Not significant
10,E54000024,"NHS Bedfordshire, Luton and Milton Keynes Integrated Care Board",501732,241559,-0.51742,52.06308,1603920963.5511703,270687.1768914986,3effa759-8961-42eb-9293-78933663fe4a,E54000024,QHG,887532,921087.0,18.2023396106991,0.4546840008270598,0.3817262955054025,0.16358970366753772,0.3651935809732493,0.08949041985381054,963.5702164942073,Not significant
11,E54000025,NHS Hertfordshire and West Essex Integrated Care Board,540239,218140,0.034401,51.84426,2581286737.117157,410990.76186968485,0d1bb69a-46e9-45c5-954d-1774f1fddf7e,E54000025,QM7,1311922,1445122.0,13.311806572732266,0.46486612717223974,0.35242625437258207,0.1827076184551782,0.3788246749081426,0.08604145226409717,907.8278512125619,Not significant
12,E54000026,NHS Mid and South Essex Integrated Care Board,577266,219465,0.57206,51.84564,2223622515.566162,501633.4572100774,da26587b-00f5-4963-a728-78818873e1da,E54000026,QH8,1003309,1163798.0,17.258081781374432,0.4505513052266787,0.4041821006462822,0.1452665941270391,0.3691638792306687,0.08138742599601007,862.0989209467622,Not significant
13,E54000027,NHS North West London Integrated Care Board,516661,182592,-0.31956,51.53019,373104581.9456177,115817.43616949113,b37cc4e2-bf95-4300-8c10-0d0d51744c2a,E54000027,QRV,2332395,2054971.0,21.02623704714081,0.4528601934381241,0.37411002034084506,0.1730297862210308,0.3692140619009601,0.08364613153716399,1135.0014185115022,High-Low
14,E54000028,NHS North Central London Integrated Care Board,527588,191919,-0.15874,51.61165,235180668.18875885,81601.13580278248,a6b1539a-86a3-49d2-a1c3-8fae7faea46a,E54000028,QMJ,1219003,1446340.0,22.984130682965276,0.43027908954812294,0.36034033166540724,0.2093805787864698,0.3399671669950599,0.09031192255306306,842.8191158372167,Not significant
15,E54000029,NHS North East London Integrated Care Board,546164,187137,0.107364,51.56417,329957578.50284576,113602.16948366661,e1fdfd09-f487-4278-ac8c-e9b52ce90a2c,E54000029,QMF,2056915,1926470.0,25.836508691544637,0.45583644422226216,0.3552387830115292,0.18892477276620862,0.3747407429972481,0.08109570122501407,1067.7119290723447,Not significant
16,E54000030,NHS South East London Integrated Care Board,541305,168583,0.029892,51.39868,357262776.86537933,114001.26080384746,70b0faa3-ba5c-49cb-8a94-b6717ed0c3df,E54000030,QKK,1396764,1764376.0,22.21620591529243,0.45547557855440923,0.3424812923214739,0.20204312912411687,0.3808204886664061,0.07465508988800308,791.6475853219496,Not significant
17,E54000031,NHS South West London Integrated Care Board,527017,167000,-0.17594,51.38783,299214491.16246796,130630.45522138843,55874165-d55f-40f7-a402-8f8aa28e342a,E54000031,QWE,1310873,1470465.0,15.936804972576704,0.452406766291909,0.36310307657999197,0.184490157128099,0.36860819900077735,0.08379856729113166,891.468345047315,Not significant
18,E54000032,NHS Kent and Medway Integrated Care Board,590082,148054,0.719399,51.20007,3907912585.420273,381430.71154640877,4424ea5f-6e50-4247-b41c-66d5576f2105,E54000032,QKS,1376317,1795251.0,20.210316224305124,0.46530164975856453,0.3705814259928396,0.16411692424859586,0.36937883077629746,0.09592281898226711,766.6432159068564,Low-Low
19,E54000034,NHS Frimley Integrated Care Board,490486,167236,-0.70072,51.39695,602756299.0924873,209531.99885892254,bdfa9b8c-f431-4d44-a33e-b30dece5a23f,E54000034,QNQ,620874,730837.0,12.324791581433344,0.46398825237066477,0.372342834585972,0.16366891304336317,0.38205967134479146,0.08192858102587332,849.5382691352518,Not significant
20,E54000036,NHS Cornwall and the Isles of Scilly Integrated Care Board,212497,64493,-4.64254,50.45022,3636319344.73446,961159.7717769623,468c8c01-4b71-4f0f-acbb-ea136c2b0933,E54000036,QT6,565253,552618.0,23.024917945126653,0.46559174061579106,0.3379250251836657,0.19648323420054326,0.3680357443332015,0.09755599628258953,1022.8638951318993,Not significant
21,E54000037,NHS Devon Integrated Care Board,283157,93085,-3.65678,50.72559,6840712561.630396,737762.3536772351,5cb53e73-f035-44ea-a9cf-a9e595ae0353,E54000037,QJK,1209425,1166258.0,20.169912426752912,0.4334521343459529,0.35436790794298145,0.2121799577110656,0.3463121480574736,0.08713998628847934,1037.0132509273249,Not significant
22,E54000038,NHS Somerset Integrated Care Board,309318,131066,-3.29569,51.07172,3516232747.9489326,460725.647624097,3eff3568-423c-42c4-ba3d-9bd04cb0c9bd,E54000038,QSL,475824,546466.0,18.55301655363737,0.41540958657846877,0.36569972404439005,0.21889068937714118,0.3323889003409841,0.08302068623748464,870.7293774910058,Not significant
23,E54000039,"NHS Bristol, North Somerset and South Gloucestershire Integrated Care Board",366745,176370,-2.48031,51.48529,1163118442.424038,288147.6762428102,c6540245-e334-4bb2-bdd7-ad2969c26425,E54000039,QUY,786583,933337.0,19.69287137443389,0.40763006081334013,0.34631859336692233,0.24605134581973756,0.33263741262201246,0.07499264819132762,842.7641891406855,Low-Low
24,E54000040,"NHS Bath and North East Somerset, Swindon and Wiltshire Integrated Care Board",393349,154962,-2.09676,51.29374,3866555846.430298,484487.41146224196,95de727e-2ef8-4d90-8582-653236159f6e,E54000040,QOX,773242,895532.0,14.2997731862178,0.41762550667854625,0.3885895988896416,0.19378489443181215,0.3382704715882358,0.07935503509031042,863.4442990311903,Low-Low
25,E54000041,NHS Dorset Integrated Care Board,375748,99796,-2.34547,50.7972,2694776621.5060368,408002.2406421884,53e04592-eb68-41c1-8ede-114181fc8d00,E54000041,QVV,766432,761630.0,16.986336948387013,0.4467786947599289,0.3749962241340885,0.1782250811059826,0.3652682205842265,0.08151047417570244,1006.3048987040952,Not significant
26,E54000042,NHS Hampshire and the Isle of Wight Integrated Care Board,445537,135837,-1.35074,51.12001,4129594711.32415,565507.2732417155,6c1e566f-8084-43e0-a4af-bce77feb90e6,E54000042,QRL,1501581,1785696.0,17.2791652151318,0.4387335984716356,0.37318707354729,0.18807932798107438,0.3407765796762898,0.09795701879534578,840.8939707542605,Low-Low
27,E54000043,NHS Gloucestershire Integrated Care Board,389595,213465,-2.15235,51.81971,2704539645.050255,424729.5569682005,2cfdea76-65cf-4a8b-bed7-ab6d40b30afb,E54000043,QR1,543057,617527.0,14.932188948823288,0.46620891740039644,0.356973640462242,0.1768174421373616,0.33143841502688665,0.1347705023735098,879.4060826490178,Not significant
28,E54000044,"NHS Buckinghamshire, Oxfordshire and Berkshire West Integrated Care Board",459681,205725,-1.13691,51.74705,5004571810.418671,566564.156911548,33bbf693-de17-4fe0-8bde-87b8c2896d4f,E54000044,QU9,1505334,1667544.0,11.234651982796255,0.4864886451424025,0.3223055324252738,0.19120582243232367,0.3809322316012402,0.10555641354116232,902.7252054518502,Not significant
29,E54000048,NHS Lancashire and South Cumbria Integrated Care Board,352411,467532,-2.72924,54.10147,5445354032.579445,626025.9575872371,2a336623-cd31-42f8-a1ce-ef1990c9a9e6,E54000048,QE1,1852243,1659825.0,25.998271527420062,0.4317788303494156,0.37708663328549985,0.19113453636508454,0.35471025786195043,0.0770685724874652,1115.9266790173663,High-High
30,E54000050,NHS North East and North Cumbria Integrated Care Board,386194,560725,-2.21704,54.941,13812357095.581696,976065.7225751817,2f61b434-0ffe-4ba3-82d8-b2d002d6bb68,E54000050,QHM,3305581,2938723.0,27.370400700576408,0.43500884087245917,0.37272912692622834,0.1922620322013125,0.3386368292444794,0.09637201162797975,1124.8358555740028,Not significant
31,E54000051,NHS Humber and North Yorkshire Integrated Care Board,463464,464639,-1.03161,54.07379,10804010333.70047,920836.3933250088,c3fb3d83-eb0c-48d7-b95d-d70bf94bfcc0,E54000051,QOQ,1522987,1679446.0,20.909930537212865,0.4630454671026172,0.36062432668297245,0.1763302062144104,0.37154563623103953,0.09149983087157763,906.8389218825732,Low-High
32,E54000052,NHS Surrey Heartlands Integrated Care Board,516837,150388,-0.32761,51.24071,1595693140.2765198,301098.05830512283,c074a82e-7793-4b36-8176-00c2e343f230,E54000052,QXU,809556,1026645.0,10.288583776280992,0.4276653031442457,0.38458557750113354,0.1877491193546207,0.34247283047178906,0.08519247267245665,788.5452128048157,Low-Low
33,E54000053,NHS Sussex Integrated Care Board,556570,117296,0.226848,50.93386,3773963471.4320145,431437.0599356544,cdb0dc68-a20b-4469-840d-ae7306656275,E54000053,QNX,1460754,1659921.0,17.282889154965808,0.4528846560143706,0.37005776801382145,0.17705757597180796,0.3531097201434617,0.09977493587090892,880.0141693490232,Low-Low
34,E54000054,NHS West Yorkshire Integrated Care Board,419321,443326,-1.70754,53.88578,3069549825.9796906,409553.6646240222,f54316b7-896c-4ba1-bf72-438504e574f1,E54000054,QWO,3344334,2325253.0,28.18165298227763,0.4651089071583845,0.37481143742942447,0.16007965541219102,0.37123070832028243,0.09387819883810206,1438.2667176431985,High-High
35,E54000055,NHS Birmingham and Solihull Integrated Care Board,412791,287491,-1.81306,52.4852,446075917.2995148,152359.20848040708,ae16fc09-79e5-4976-b84e-57e91f85f36e,E54000055,QHL,1645603,1323139.0,34.76911812817852,0.3840939073345001,0.40992300389803693,0.20598308876746294,0.31988999314157246,0.06420391419292765,1243.7113561009085,Not significant
36,E54000056,NHS Cambridgeshire and Peterborough Integrated Care Board,536856,268346,0.005437,52.29621,3469932271.0090866,432727.09516963107,10a8465d-1ee8-4bdd-b10c-85bd68b865e2,E54000056,QUE,846108,851893.0,16.88822534989723,0.42048949543698844,0.38190387973546047,0.1976066248275511,0.35156012844646356,0.06892936699052489,993.2092410666597,Not significant
37,E54000057,NHS Greater Manchester Integrated Care Board,377940,401102,-2.33407,53.50615,1276030783.0224915,248170.7294107313,4450a9c5-76bb-45ea-9dbf-4e25428eca6e,E54000057,QOP,3270274,2752015.0,30.015727922994607,0.3602317919877778,0.4447695047686165,0.1949987032436057,0.2888851706641582,0.07134662132361957,1188.319831105572,High-High
38,E54000058,NHS Derby and Derbyshire Integrated Care Board,426752,353558,-1.6021,53.0786,2628733770.1767273,417434.76522156765,e9478a6a-7848-4256-ad70-3f3da987c4e2,E54000058,QJ2,1005933,1036360.0,20.334683603188083,0.47924579558682584,0.35099217847400294,0.1697620259391712,0.3749745671707727,0.10427122841605317,970.6405110193369,Low-High
39,E54000059,NHS Northamptonshire Integrated Care Board,477359,268708,-0.86668,52.31105,2366989462.5758133,380352.2234298625,4ee7e5aa-5ef5-4773-9eb5-1a12a634fbdb,E54000059,QPM,707399,720913.0,18.604750410937243,0.46486765575901845,0.3696660570370626,0.16546628720391887,0.36299218874865996,0.10187546701035848,981.2543261114726,Not significant
40,E54000060,NHS Nottingham and Nottinghamshire Integrated Care Board,466571,359497,-1.00654,53.12851,2161568752.6574707,302899.5913687446,c7fcdc3f-7b26-4f91-bdba-f93adc5dffbd,E54000060,QT1,1099833,1122210.0,23.51054178184119,0.5004172236825638,0.3244988304521938,0.17508394586524234,0.3882114870556679,0.1122057366268959,980.0598818402973,Not significant
41,E54000061,NHS South Yorkshire Integrated Care Board,441051,398663,-1.38286,53.48311,1552060088.9027252,250215.68138811394,9b6be814-b202-4cb2-b713-979fdbf6369f,E54000061,QF7,1542384,1372863.0,28.747637558882424,0.4560310634822988,0.3531856010391779,0.19078333547852333,0.35246402383302816,0.10356703964927069,1123.4799102313923,Not significant
42,E54000062,NHS Black Country Integrated Care Board,397406,292506,-2.03966,52.53043,356917974.68907166,130670.05021193289,2e9e2142-5838-4df1-ba58-6a5347b2b47a,E54000062,QUA,1330192,1166418.0,30.564210845511642,0.39685458414519637,0.4116130016679606,0.19153241418684303,0.3265458679951462,0.07030871615005022,1140.4076411715182,Not significant
